<?xml version="1.0"?>
<doc>
    <assembly>
        <name>MahApps.Metro.IconPacks</name>
    </assembly>
    <members>
        <member name="T:MahApps.Metro.IconPacks.PackIconEntypo">
            <summary>
            Icons from Entypo+ Icons Font - <see><cref>http://www.entypo.com</cref></see>.
            </summary>
        </member>
        <member name="T:MahApps.Metro.IconPacks.PackIconEntypoDataFactory">
            ******************************************
            This code is auto generated. Do not amend.
            ******************************************
        </member>
        <member name="T:MahApps.Metro.IconPacks.PackIconEntypoKind">
            ******************************************
            This code is auto generated. Do not amend.
            ******************************************
            <summary>
            List of available icons for use with <see cref="T:MahApps.Metro.IconPacks.PackIconEntypo" />.
            </summary>
            <remarks>
            All icons sourced from Entypo+ Icons Font - <see><cref>http://www.entypo.com</cref></see> - 
            <see><cref>http://creativecommons.org/licenses/by-sa/4.0/</cref></see>.
            </remarks>
        </member>
        <member name="T:MahApps.Metro.IconPacks.PackIconFontAwesome">
            <summary>
            Icons from the FontAwesome Icons project, <see><cref>http://fontawesome.io</cref></see>.
            </summary>
        </member>
        <member name="T:MahApps.Metro.IconPacks.PackIconFontAwesomeDataFactory">
            ******************************************
            This code is auto generated. Do not amend.
            ******************************************
        </member>
        <member name="T:MahApps.Metro.IconPacks.PackIconFontAwesomeKind">
            ******************************************
            This code is auto generated. Do not amend.
            ******************************************
            <summary>
            List of available icons for use with <see cref="T:MahApps.Metro.IconPacks.PackIconFontAwesome" />.
            </summary>
            <remarks>
            All icons sourced from FontAwesome Icons Font v4.6.3 - <see><cref>http://fontawesome.io</cref></see> - 
            <see><cref>https://github.com/FortAwesome/Font-Awesome</cref></see>.
            </remarks>
        </member>
        <member name="T:MahApps.Metro.IconPacks.PackIconMaterial">
            <summary>
            Icons from the Material Design Icons project, <see><cref>https://materialdesignicons.com/</cref></see>.
            </summary>
        </member>
        <member name="T:MahApps.Metro.IconPacks.PackIconMaterialDataFactory">
            ******************************************
            This code is auto generated. Do not amend.
            ******************************************
        </member>
        <member name="T:MahApps.Metro.IconPacks.PackIconMaterialKind">
            ******************************************
            This code is auto generated. Do not amend.
            ******************************************
            <summary>
            List of available icons for use with <see cref="T:MahApps.Metro.IconPacks.PackIconMaterial" />.
            </summary>
            <remarks>
            All icons sourced from Material Design Icons Font v1.6.50 - <see><cref>https://materialdesignicons.com</cref></see> - in accordance of
            <see><cref>https://github.com/Templarian/MaterialDesign/blob/master/license.txt</cref></see>.
            </remarks>
        </member>
        <member name="T:MahApps.Metro.IconPacks.PackIconModern">
            <summary>
            Icons from the Modern UI Icons project, <see><cref>http://modernuiicons.com</cref></see>.
            </summary>
        </member>
        <member name="T:MahApps.Metro.IconPacks.PackIconModernDataFactory">
            ******************************************
            This code is auto generated. Do not amend.
            ******************************************
        </member>
        <member name="T:MahApps.Metro.IconPacks.PackIconModernKind">
            ******************************************
            This code is auto generated. Do not amend.
            ******************************************
            <summary>
            List of available icons for use with <see cref="T:MahApps.Metro.IconPacks.PackIconModern" />.
            </summary>
            <remarks>
            All icons sourced from Modern UI Icons Font - <see><cref>http://modernuiicons.com</cref></see> - in accordance of
            <see><cref>https://github.com/Templarian/WindowsIcons/blob/master/WindowsPhone/license.txt</cref></see>.
            </remarks>
        </member>
        <member name="T:MahApps.Metro.IconPacks.PackIconOcticons">
            <summary>
            Icons from GitHub Octicons - <see><cref>https://octicons.github.com</cref></see>
            </summary>
        </member>
        <member name="T:MahApps.Metro.IconPacks.PackIconOcticonsDataFactory">
            ******************************************
            This code is auto generated. Do not amend.
            ******************************************
        </member>
        <member name="T:MahApps.Metro.IconPacks.PackIconOcticonsKind">
            ******************************************
            This code is auto generated. Do not amend.
            ******************************************
            <summary>
            List of available icons for use with <see cref="T:MahApps.Metro.IconPacks.PackIconOcticons" />.
            </summary>
            <remarks>
            All icons sourced from GitHub Octicons - <see><cref>https://octicons.github.com</cref></see> - 
            <see><cref>https://github.com/primer/octicons/blob/master/LICENSE</cref></see>.
            </remarks>
        </member>
        <member name="M:MahApps.Metro.IconPacks.MahApps_Metro_IconPacks_UWP_XamlTypeInfo.XamlMetaDataProvider.GetXamlType(System.Type)">
            <summary>
            GetXamlType(Type)
            </summary>
        </member>
        <member name="M:MahApps.Metro.IconPacks.MahApps_Metro_IconPacks_UWP_XamlTypeInfo.XamlMetaDataProvider.GetXamlType(System.String)">
            <summary>
            GetXamlType(String)
            </summary>
        </member>
        <member name="M:MahApps.Metro.IconPacks.MahApps_Metro_IconPacks_UWP_XamlTypeInfo.XamlMetaDataProvider.GetXmlnsDefinitions">
            <summary>
            GetXmlnsDefinitions()
            </summary>
        </member>
    </members>
</doc>
