﻿<?xml version="1.0" encoding="utf-8"?>
<Roots >
  <Roots.PropertyPathNames>
    <RootPropertyPathName Name="Rotation" />
    <RootPropertyPathName Name="Flip" />
    <RootPropertyPathName Name="Data" />
  </Roots.PropertyPathNames>
  <Roots.RootTypes>
    <RootType FullName="Windows.UI.Xaml.ResourceDictionary">
      <RootProperty Name="MergedDictionaries" />
      <RootProperty Name="Source" />
    </RootType>
    <RootType FullName="MahApps.Metro.IconPacks.PackIconFontAwesome" />
    <RootType FullName="Windows.UI.Xaml.FrameworkElement">
      <RootProperty Name="Height" />
      <RootProperty Name="Width" />
      <RootProperty Name="FlowDirection" />
      <RootProperty Name="HorizontalAlignment" />
      <RootProperty Name="VerticalAlignment" />
    </RootType>
    <RootType FullName="Windows.UI.Xaml.Controls.Control">
      <RootProperty Name="Padding" />
      <RootProperty Name="IsTabStop" />
      <RootProperty Name="Template" />
    </RootType>
    <RootType FullName="Windows.UI.Xaml.UIElement">
      <RootProperty Name="UseLayoutRounding" />
    </RootType>
    <RootType FullName="Windows.UI.Xaml.Setter">
      <RootProperty Name="Property" />
      <RootProperty Name="Value" />
    </RootType>
    <RootType FullName="Windows.UI.Xaml.Controls.ControlTemplate">
      <RootProperty Name="TargetType" />
      <RootProperty Name="Template" />
    </RootType>
    <RootType FullName="Windows.UI.Xaml.Controls.Grid">
      <RootProperty Name="Children" />
      <RootProperty Name="RenderTransformOrigin" />
      <RootProperty Name="Margin" />
      <RootProperty Name="RenderTransform" />
    </RootType>
    <RootType FullName="Windows.UI.Xaml.Controls.Border">
      <RootProperty Name="Background" />
      <RootProperty Name="BorderBrush" />
      <RootProperty Name="BorderThickness" />
    </RootType>
    <RootType FullName="Microsoft.Xaml.DirectUI.ProxyTypes.TemplateBindingExtension" />
    <RootType FullName="Windows.UI.Xaml.Media.TransformGroup">
      <RootProperty Name="Children" />
    </RootType>
    <RootType FullName="Windows.UI.Xaml.Media.ScaleTransform">
      <RootProperty Name="ScaleX" />
      <RootProperty Name="ScaleY" />
    </RootType>
    <RootType FullName="Windows.UI.Xaml.Media.RotateTransform">
      <RootProperty Name="Angle" />
    </RootType>
    <RootType FullName="Windows.UI.Xaml.Data.Binding">
      <RootProperty Name="RelativeSource" />
      <RootProperty Name="Path" />
      <RootProperty Name="Mode" />
      <RootProperty Name="Converter" />
    </RootType>
    <RootType FullName="Windows.UI.Xaml.Data.RelativeSource" />
    <RootType FullName="Microsoft.Xaml.DirectUI.ProxyTypes.StaticResourceExtension" />
    <RootType FullName="Windows.UI.Xaml.Controls.Viewbox">
      <RootProperty Name="Margin" />
      <RootProperty Name="Child" />
    </RootType>
    <RootType FullName="Windows.UI.Xaml.Shapes.Path">
      <RootProperty Name="Fill" />
      <RootProperty Name="Stretch" />
      <RootProperty Name="Data" />
      <RootProperty Name="RenderTransformOrigin" />
      <RootProperty Name="UseLayoutRounding" />
      <RootProperty Name="RenderTransform" />
    </RootType>
  </Roots.RootTypes>
</Roots>
