<?xml version="1.0"?>
<doc>
    <assembly>
        <name>MahApps.Metro.IconPacks.FontAwesome</name>
    </assembly>
    <members>
        <member name="T:MahApps.Metro.IconPacks.PackIconFontAwesome">
            <summary>
            Icons from the FontAwesome Icons project, <see><cref>http://fontawesome.io</cref></see>.
            </summary>
        </member>
        <member name="T:MahApps.Metro.IconPacks.PackIconFontAwesomeDataFactory">
            ******************************************
            This code is auto generated. Do not amend.
            ******************************************
        </member>
        <member name="T:MahApps.Metro.IconPacks.PackIconFontAwesomeKind">
            ******************************************
            This code is auto generated. Do not amend.
            ******************************************
            <summary>
            List of available icons for use with <see cref="T:MahApps.Metro.IconPacks.PackIconFontAwesome" />.
            </summary>
            <remarks>
            All icons sourced from FontAwesome Icons Font v4.6.3 - <see><cref>http://fontawesome.io</cref></see> - 
            <see><cref>https://github.com/FortAwesome/Font-Awesome</cref></see>.
            </remarks>
        </member>
        <member name="M:MahApps.Metro.IconPacks.FontAwesome.MahApps_Metro_IconPacks_UWP_FontAwesome_XamlTypeInfo.XamlMetaDataProvider.GetXamlType(System.Type)">
            <summary>
            GetXamlType(Type)
            </summary>
        </member>
        <member name="M:MahApps.Metro.IconPacks.FontAwesome.MahApps_Metro_IconPacks_UWP_FontAwesome_XamlTypeInfo.XamlMetaDataProvider.GetXamlType(System.String)">
            <summary>
            GetXamlType(String)
            </summary>
        </member>
        <member name="M:MahApps.Metro.IconPacks.FontAwesome.MahApps_Metro_IconPacks_UWP_FontAwesome_XamlTypeInfo.XamlMetaDataProvider.GetXmlnsDefinitions">
            <summary>
            GetXmlnsDefinitions()
            </summary>
        </member>
    </members>
</doc>
